user_id,remap_id
001,0.0
0106658lee,1.0
0general,2.0
10jobss,3.0
112ckek,4.0
12151492,5.0
12201808,6.0
1231js,7.0
13579wkd,8.0
139,9.0
147_369,10.0
1717197,11.0
1729750,12.0
1hoon,13.0
1ilsang,14.0
1sss123ss,15.0
2000flora,16.0
2012monk,17.0
20140058,18.0
2015136077,19.0
20151571,20.0
20183016,21.0
20210805,22.0
219tyk,23.0
2318ws,24.0
2556,25.0
2615240,26.0
2sms22rjt,27.0
2tae,28.0
2weeks0,29.0
314programs,30.0
31n5ang,31.0
3846chs,32.0
4100jh,33.0
42_jakang,34.0
4802852,35.0
483759,36.0
4hn6,37.0
5320shin,38.0
55murphy,39.0
5862www,40.0
610ksh,41.0
6_6,42.0
7dudtj,43.0
7teen,44.0
95kim1,45.0
97jaehak,46.0
97k07h11,47.0
9967han,48.0
9hyuku,49.0
Conatuseus,50.0
Glitterlance,51.0
Hibbah,52.0
Horaegi,53.0
HowlingOfSouL,54.0
Viento,55.0
a891,56.0
aahcbird,57.0
abel1802,58.0
ad9720,59.0
adds136078,60.0
adung7,61.0
aegamro,62.0
aegisduck,63.0
aerocode,64.0
aforlife,65.0
afpine,66.0
ag502,67.0
ahdtld54,68.0
ahgg0315,69.0
ahj1077,70.0
ahj1592,71.0
ahsahs3,72.0
aiden0413,73.0
aigorithm,74.0
ajdxjdrnfl,75.0
ajtwlstmdgks,76.0
ajw998,77.0
akainoo,78.0
akdgns12,79.0
akrnrnak9,80.0
akswocho,81.0
akvk98,82.0
akxldkek,83.0
alanturing,84.0
alftjd1,85.0
algorian,86.0
algorithm_beginner,87.0
alinghi,88.0
allday0110,89.0
alonso14,90.0
alperatz,91.0
alphasobs,92.0
alreadysolved,93.0
alrnd01,94.0
als982001,95.0
alsgh9948,96.0
alsrb0607,97.0
alsrl8259,98.0
alsrl9,99.0
alstjr3060,100.0
alswns5607,101.0
alsyd024,102.0
amjong,103.0
amphet,104.0
an0520a,105.0
an3735297,106.0
anais41721,107.0
andongjoo,108.0
angrynow,109.0
anji314,110.0
antler07,111.0
antonwithai,112.0
aogog,113.0
aosdhkstn,114.0
ap4o,115.0
applebuddy,116.0
applyoo,117.0
april338,118.0
aprilmagnificat,119.0
aranch,120.0
archane5276,121.0
arduinocc04,122.0
arhbit,123.0
arkay,124.0
arrrrrrrrr,125.0
arsgsg,126.0
as00098,127.0
asbsds123,128.0
asd0236,129.0
asd147asd147,130.0
asdf99245,131.0
asdfasd,132.0
asdfguest,133.0
asdhugh1,134.0
asdzxcqwe456,135.0
ashpurple,136.0
aspresso,137.0
ast3138,138.0
astein,139.0
ataoka,140.0
auaicn,141.0
auburn0820,142.0
aurora2001,143.0
austinkim,144.0
avengers,145.0
average10,146.0
awayfromkeyboard,147.0
awm7,148.0
axa1239,149.0
aya01312,150.0
baby_ohgu,151.0
badit,152.0
bae1776,153.0
baek0318,154.0
baekwoo,155.0
baemung,156.0
baesy2000,157.0
bahngeh,158.0
baj2121,159.0
bakh1,160.0
baksa1849,161.0
baleian,162.0
banner4,163.0
baxter,164.0
bbcc8417,165.0
bbflowing,166.0
bc7817,167.0
bconfiden2,168.0
bcw2104,169.0
bds193,170.0
bdw3649,171.0
bearsff,172.0
beauboy,173.0
beaverbae,174.0
beawall,175.0
bedrock17,176.0
bennyws,177.0
bestowing,178.0
besung82,179.0
betain24,180.0
bfryn1004,181.0
bghgu,182.0
bgjun0204,183.0
bhm7266,184.0
bhn01158,185.0
bhwi,186.0
biank,187.0
billy0127,188.0
bitlez3470,189.0
bjh3311,190.0
bjmci,191.0
bjw040343,192.0
bkwak,193.0
blackiron,194.0
blessmealways00,195.0
bln01,196.0
blpoms,197.0
blucky8649,198.0
blueee95,199.0
bluehorn07,200.0
bluejoyq,201.0
bluemary,202.0
bluesquanium,203.0
bluetic123,204.0
blutics,205.0
bmsk20,206.0
bogun11904,207.0
bomin5957,208.0
boreng0817,209.0
borissal07,210.0
boxer1532,211.0
bright330,212.0
bruce1115,213.0
bs1010,214.0
bsa0322,215.0
bull0429,216.0
bunnybunny,217.0
bychan99,218.0
byungck3,219.0
c4big,220.0
c9boom7,221.0
ca00229,222.0
cactusnoh,223.0
cakelemon,224.0
calgarylof,225.0
cano721,226.0
canoe726,227.0
car991231,228.0
catepk,229.0
ccoco,230.0
cds06126,231.0
cdt416z,232.0
cfbn12,233.0
ch512hj,234.0
chabt,235.0
chad6027,236.0
changdae20,237.0
changhoi0522,238.0
changjunpyo,239.0
changsub00,240.0
chanho0912,241.0
chansolpark7,242.0
chdlswhd7,243.0
chemoon100,244.0
cheol7826,245.0
cheolyeing_j,246.0
cheong,247.0
cheongm,248.0
chewin9,249.0
chhan2759,250.0
chhh2017,251.0
chickenman,252.0
chisukj,253.0
chjh121,254.0
chkun3109,255.0
chltmddus112,256.0
chlwndud2347,257.0
cho7637,258.0
chobe1,259.0
choijoohee,260.0
chojl1125,261.0
chojo1532,262.0
chokim159,263.0
chon_5,264.0
chongal0128,265.0
chosh95,266.0
chotjd329,267.0
choyungsoo,268.0
chrisais9,269.0
chu1214,270.0
chungdk1993,271.0
chunseunghun,272.0
cirno4143,273.0
cjeongmin,274.0
ckck5050,275.0
ckck803,276.0
ckd1675,277.0
ckd448,278.0
ckddlf,279.0
ckqhfka4520,280.0
ckqkaxhf98,281.0
cktmdgns,282.0
ckwlsgh77,283.0
ckyuha,284.0
cleankid99,285.0
clock,286.0
cloud4294,287.0
clsrnthd1,288.0
cms5380,289.0
cmychs,290.0
cngjsrnr,291.0
cnh0214,292.0
cnocycle,293.0
cocoball_v,294.0
cocobino,295.0
cocoon,296.0
cocuma,297.0
code_thanos,298.0
codingblock6512,299.0
codingturtles,300.0
coglyi,301.0
college2007,302.0
comolove,303.0
connor101,304.0
cool1259,305.0
copyrat90,306.0
corock,307.0
cos18,308.0
cos8475,309.0
cottage123,310.0
cottory,311.0
cppppppalgo,312.0
craalsgh97,313.0
crusior96,314.0
csean1998,315.0
csehyoung,316.0
csh3695,317.0
ctk0327,318.0
ctwc55,319.0
cubic,320.0
cx8achim,321.0
cyclone472,322.0
cyi1207,323.0
cys4439,324.0
daan,325.0
daddy0h,326.0
daebalprime,327.0
daepoid,328.0
dahyun1226,329.0
daisycutter,330.0
dangdangbase,331.0
danimartinwife,332.0
darkeroe,333.0
darkest358,334.0
das02115,335.0
dau47,336.0
daun2348,337.0
dayo05,338.0
dbckdgur12,339.0
dbdnsdb123,340.0
dbs3924,341.0
dbsgur6896,342.0
dbsrlwo1,343.0
dbswl4951,344.0
dbtjd1928,345.0
dcherish,346.0
dct27300923,347.0
ddb8036631,348.0
ddmanager,349.0
ddongh1122,350.0
ddrrpg,351.0
debuglog,352.0
deious,353.0
delena0702,354.0
deleted,355.0
derpwaffle21,356.0
des0001,357.0
deserve82,358.0
destin,359.0
deviltina,360.0
dfghcvb11,361.0
dgk051215,362.0
dgneel,363.0
dhdhkeh1,364.0
dhehdgus804,365.0
dhkdghehfdl,366.0
dhlee318,367.0
dhrhd080,368.0
dhtkdals25,369.0
didgogns,370.0
didrlgus,371.0
didwns7347,372.0
dj9136,373.0
djdoc311,374.0
djestiny4444,375.0
djigfox,376.0
djj,377.0
djqtdjehfdkrk,378.0
dk03006,379.0
dkfghg3,380.0
dksgusdnw,381.0
dksskgus923,382.0
dktlsk6,383.0
dky0620,384.0
dlandif22,385.0
dlcksdnd321,386.0
dlcodms123,387.0
dldnjsrl,388.0
dldydduq456,389.0
dldydrhkd,390.0
dle2005,391.0
dlehdtjq00,392.0
dlffff,393.0
dlgksrlf,394.0
dlgldgld,395.0
dlgldlg123,396.0
dlgmlals3,397.0
dlgprbs9441,398.0
dlgydnjs08,399.0
dlrtls12345,400.0
dltjrgh,401.0
dltkd1395,402.0
dltkdgns830,403.0
dltmdcks702,404.0
dlwhd990,405.0
dlwlgus9805,406.0
dlwndms2544,407.0
dlwocks1209,408.0
dmson1218,409.0
dmswl022329,410.0
dn1016,411.0
dndkwk,412.0
dndlftls,413.0
dndyd1231,414.0
dnfl182,415.0
dnflekals,416.0
dnfnfn14,417.0
dnrkgjsrn,418.0
dnstkd110,419.0
dnwlscjf167,420.0
dodo3371,421.0
dodo4se,422.0
doggai77,423.0
doggydeok2,424.0
doksakim77,425.0
dolly0920,426.0
dominyellow,427.0
dong149,428.0
dongar97,429.0
dongggle,430.0
dongwon1226,431.0
dongwook,432.0
doorisopen,433.0
dorrdorr9311,434.0
dorururu7595,435.0
dotoeoo,436.0
doublej20,437.0
doubleslit1801,438.0
dozzing729,439.0
dr_kiwi,440.0
dreamfinder2019,441.0
drmaemi,442.0
ds020228,443.0
ds5hmi,444.0
dsa2341,445.0
dsbduwns414,446.0
dsku,447.0
dslr,448.0
dtd602,449.0
dudghk0916,450.0
dudgns2,451.0
dudri63,452.0
dudwls901,453.0
dukalee,454.0
dummymon,455.0
duno72,456.0
duqrldudgns,457.0
durumi99,458.0
dustkd1004,459.0
dustn9401,460.0
dw6952,461.0
dy1351,462.0
dydals1234,463.0
dydtkd113,464.0
dygks232,465.0
dyhwang95,466.0
dynzqli371,467.0
eachotherbest,468.0
earthicko,469.0
ebbunnim,470.0
ecila,471.0
edh1021,472.0
ediya,473.0
edlsw,474.0
educated,475.0
eeeuns,476.0
eevee,477.0
egg528,478.0
ehddb2252,479.0
ehdgkr03,480.0
ehdgus628,481.0
ehdrmsl2001,482.0
ehdtjskaqhd,483.0
ehsson,484.0
ejqmf94,485.0
ejrdnjs96,486.0
eksrks0310,487.0
ekyoo,488.0
eldkqmfhf123,489.0
elfn7397,490.0
elis100,491.0
elixter,492.0
eliza,493.0
elrion21,494.0
emforhs246,495.0
empeng06,496.0
enil,497.0
ensia96,498.0
entropy,499.0
eotkd4791,500.0
epimiral,501.0
epstkd1220,502.0
equation9,503.0
eric9709,504.0
eric99kr,505.0
erin207,506.0
err2083,507.0
eunoia_hr,508.0
eunsung_lim,509.0
evade,510.0
evga7,511.0
exito,512.0
expect017,513.0
eyiuta1,514.0
eytns,515.0
fabiano7,516.0
fail,517.0
fanjae,518.0
fantacy,519.0
fbfbf1,520.0
fdsajklt2,521.0
fegler,522.0
felis,523.0
fender,524.0
fercury,525.0
fermion,526.0
feynp,527.0
fhtmfp12,528.0
fivestar1103,529.0
fixdatk9,530.0
fjvbn2003,531.0
fkqbd95,532.0
fksk94,533.0
flash1117,534.0
foolshift,535.0
forest14,536.0
fourjae,537.0
fredhur,538.0
friend1226,539.0
frimay28,540.0
frtt0608,541.0
ftkem2003,542.0
g072923,543.0
galgo,544.0
galid1,545.0
gallopsys,546.0
gandi0330,547.0
gangjeuk,548.0
gashe7,549.0
gasoul,550.0
gbds234,551.0
gbe0808,552.0
gch04602,553.0
gemote,554.0
geniemo,555.0
geon0407,556.0
geonkang99,557.0
gettls,558.0
geulims,559.0
gf234,560.0
gg1985,561.0
gglifer,562.0
ggolong,563.0
ggyeeungg,564.0
ghddbtjr,565.0
ghkdiwl,566.0
ghktjq1119,567.0
ghssh1,568.0
gi1dong2,569.0
gidskql6671,570.0
gioan92,571.0
girawhale,572.0
give654,573.0
given_zero,574.0
gkdud583,575.0
gkscodus11,576.0
gksmfwm1000,577.0
gksqlsl11,578.0
gkstj0604,579.0
gkuer,580.0
gm27376,581.0
gmasi112,582.0
gmelddl514,583.0
gmldud9605,584.0
gmlrhkd12345,585.0
gmroh06,586.0
gnsgnsek,587.0
gobook1234,588.0
godgod3260,589.0
godgod732,590.0
godmoon00,591.0
godong10208,592.0
goehd4551,593.0
gofeel8,594.0
gofkdvjvl,595.0
gofmsldks,596.0
gogosky1175,597.0
gokimkq123,598.0
gomamon,599.0
gon109,600.0
good1317,601.0
good797979,602.0
goodlucky00,603.0
gopas777,604.0
gotkddnjs,605.0
gozigo00,606.0
gozj3319,607.0
grantzile,608.0
great0108,609.0
gse123,610.0
gsmin2020,611.0
gtavexir,612.0
gtxplus,613.0
guasls4663,614.0
gudals113,615.0
gudrkrsla,616.0
gudwnsgur,617.0
gugudan,618.0
gun025bba,619.0
gun2841,620.0
gunhoflash,621.0
gunny6026,622.0
guno98,623.0
guriguri8833,624.0
gurwls2399,625.0
gusdnr9875,626.0
gusgh3315,627.0
gusqja8753,628.0
gustjq1101,629.0
gustn158,630.0
guswns3371,631.0
gw0419,632.0
gwanju,633.0
gyeonga,634.0
gygacpu,635.0
gyjinro,636.0
h00335,637.0
h920915,638.0
h9661,639.0
habaan,640.0
haden,641.0
hahywo1214,642.0
hajunjjang,643.0
halang,644.0
halin,645.0
ham5312,646.0
hanadamoh,647.0
hanchaa,648.0
handserin,649.0
hangeulkim,650.0
hanjihye0714,651.0
hanju1998,652.0
hansorly,653.0
happygeon,654.0
haptic12,655.0
harryhajinchung,656.0
haung921209,657.0
hayj04,658.0
hdh4952,659.0
hdw9610,660.0
he1fire,661.0
heehcs,662.0
heesuk9898,663.0
helios789789,664.0
hello_world1,665.0
hellominchan,666.0
helloworld123,667.0
hemi0213,668.0
hena_42,669.0
heonil89,670.0
hep93,671.0
hermit236,672.0
heung,673.0
hg19910,674.0
hg9587,675.0
hgc950909,676.0
hgkim916,677.0
hhhh1352,678.0
hhs2u,679.0
hhs5125,680.0
hhyc2,681.0
hi6863,682.0
hiarc_official,683.0
hichoe95,684.0
higeuni,685.0
highjun,686.0
hirussell,687.0
hishine6,688.0
hiu03004,689.0
hj1115hj,690.0
hja5432,691.0
hjk0498,692.0
hjl9345,693.0
hjson817,694.0
hjy0507,695.0
hjy7833,696.0
hl0412,697.0
hlee118,698.0
hllee1021,699.0
hm2839,700.0
hnduddn,701.0
ho2061401,702.0
ho8294,703.0
hodduc,704.0
hogisim314,705.0
hoijae0194,706.0
holim0,707.0
honeymint31,708.0
honeysleep,709.0
hongii2,710.0
hongsbin,711.0
honi,712.0
hoon00917,713.0
hoonti06,714.0
hope1609,715.0
hosun1804,716.0
hottinggot,717.0
hound233,718.0
hoyyang22,719.0
hs6113wj,720.0
hs980414,721.0
hsh5206,722.0
hsj0531,723.0
hsro2228,724.0
hsshin98,725.0
hsu2016,726.0
hsunj2003,727.0
hsw3014,728.0
hu3123ss,729.0
hueguem,730.0
huisleee,731.0
huiyeong,732.0
hun6728,733.0
hunnam5220,734.0
huozuyinshua,735.0
husk321,736.0
hw0916,737.0
hwa3060,738.0
hwangcw0613,739.0
hws0728,740.0
hy2850,741.0
hydthemoon,742.0
hydy11,743.0
hyeon930,744.0
hyeonho28,745.0
hygoni,746.0
hyoputer,747.0
hypercoding,748.0
hyun0830,749.0
hyun9520,750.0
hyunji36,751.0
hyunwoo0081,752.0
hyunwoo045,753.0
hyunya,754.0
i0594436,755.0
ia0102,756.0
iamtrueline,757.0
ian981130s,758.0
idarnoldkim,759.0
idd7403,760.0
idiot,761.0
idwooin,762.0
ijdmc2002,763.0
ikeelee7742,764.0
iks15174,765.0
ilapie,766.0
illyamchi,767.0
iloveelsa,768.0
imgoingnow,769.0
imjaegon,770.0
imkavin43,771.0
inc5025,772.0
ine,773.0
inhoo,774.0
innocentsnow,775.0
insung151,776.0
iopopoi,777.0
iqeq1989,778.0
iron1209,779.0
isac322,780.0
ish333,781.0
ishlove7,782.0
iskang5532,783.0
isl0827,784.0
itsmeyjc,785.0
izone_joyuri,786.0
j2ssicaalt,787.0
j961224,788.0
j_aion,789.0
jack2020,790.0
jacky9852,791.0
jaee07,792.0
jaehaaheaj,793.0
jaehoo1,794.0
jaejin94,795.0
jaeminkim408,796.0
jaeyoungjae,797.0
jagajang,798.0
jamasa97,799.0
james66won,800.0
james_kylee,801.0
jamiserlee,802.0
jane0516,803.0
janetyoon,804.0
janeyi,805.0
jangjeon,806.0
jaq0424,807.0
jason9605,808.0
jay7289,809.0
jayjangjooho,810.0
jaypae95,811.0
jazzdosa,812.0
jbk2012,813.0
jbsam2,814.0
jdhanjin,815.0
jdm115,816.0
jdown,817.0
jdy0210,818.0
jdyj,819.0
jdyun15,820.0
jeong3127,821.0
jeongdh1991,822.0
jeonggu223,823.0
jeongks94,824.0
jeongyeon95,825.0
jeonyj1020,826.0
jer0618,827.0
jerryprk,828.0
jerryv,829.0
jessica9685,830.0
jeukoh,831.0
jeymecom,832.0
jhhan11,833.0
jhj0421,834.0
jhj980821,835.0
jhk8169,836.0
jhnan917,837.0
jhp2060,838.0
jhpark1109,839.0
jhw0406,840.0
jhyoon1607,841.0
jhyub,842.0
jigns153,843.0
jihoonwang98,844.0
jihun333,845.0
jin60641,846.0
jina1206,847.0
jindex2411,848.0
jine2669,849.0
jinia91,850.0
jinibonoo,851.0
jinsj1,852.0
jinsu6628,853.0
jintak0401,854.0
jinwoo4408,855.0
jinwook23,856.0
jinyoungchoi95,857.0
jiwon9187,858.0
jiwoo96,859.0
jiy12345,860.0
jjabi22,861.0
jjj7061,862.0
jjjyyy7466,863.0
jk04172,864.0
jk6722,865.0
jkh9615,866.0
jkjan,867.0
jksk0115,868.0
jmy3033,869.0
jng6017,870.0
jnus100,871.0
jo1997,872.0
joe2357,873.0
joh3786,874.0
johan1103,875.0
jokerkwu,876.0
jokwere,877.0
jong980620,878.0
jong_p,879.0
jonghyeok613,880.0
jongyeon95,881.0
jooijin,882.0
joon2387,883.0
joon8409,884.0
jooncco,885.0
joonhee305,886.0
joonseok_aaren_kang,887.0
joonyoung1023,888.0
jrhong95,889.0
js1044k,890.0
js3460,891.0
js9028,892.0
js_328,893.0
jsb304,894.0
jse03310,895.0
jsh15932,896.0
jsm3465,897.0
jsm5315,898.0
jsyoo5b,899.0
jtm0609,900.0
ju214425,901.0
ju_h2,902.0
jua0610,903.0
juhyun167,904.0
juice500,905.0
jujeongho,906.0
jukdang,907.0
junchoi,908.0
jung8508,909.0
jungah,910.0
jungsik328,911.0
jungwoo5759,912.0
junha921,913.0
junhardstudy,914.0
junhok82,915.0
junhwan26,916.0
junhyub3090,917.0
junslim11,918.0
junushabi123,919.0
jwakho,920.0
jwcho99,921.0
jwh6896,922.0
jwjin95,923.0
jwjung0907,924.0
jwp123,925.0
jwpee,926.0
jy11100,927.0
jybin321,928.0
jyou717,929.0
jys7451,930.0
jyukki97,931.0
k106419,932.0
k1101jh,933.0
k5nen,934.0
k94earth,935.0
kadragon,936.0
kan5995,937.0
kangjoseph90,938.0
kangrnin,939.0
kangsw8940,940.0
kankahuh,941.0
kano2812,942.0
karma_os,943.0
kasiwagi_hikari,944.0
kb28,945.0
kbj2k,946.0
kbk0421,947.0
kcj3054,948.0
kcm0147,949.0
kdcal035,950.0
kdh01517,951.0
kdh5163,952.0
kdhae1231,953.0
kdj6551,954.0
kdongha1103,955.0
kdr0515,956.0
kdy246,957.0
kepler186f,958.0
keunhyung1996,959.0
kevin2540,960.0
kevin981111,961.0
kevink1113,962.0
kgh1030,963.0
kgr4163,964.0
kgw4073,965.0
kha0318,966.0
khcho0125,967.0
khcho902,968.0
khd206,969.0
khlee9606,970.0
khrbuddy03,971.0
kim031504,972.0
kim_sang_oh,973.0
kimbob122,974.0
kimby469,975.0
kimbz123,976.0
kimdh425,977.0
kimdle2,978.0
kimdongyul51,979.0
kimhj0107,980.0
kimhojin98,981.0
kimhs,982.0
kimhsuk97,983.0
kimhyun98,984.0
kimji66,985.0
kimjy0126,986.0
kimjy392,987.0
kimkh7534,988.0
kimkim031,989.0
kimkyu1515,990.0
kimmoon4,991.0
kimms2016,992.0
kimmulgae,993.0
kimmysh,994.0
kimnamu,995.0
kimsj0302,996.0
kimug2145,997.0
kimyh0316,998.0
kimziou77,999.0
kinh5026,1000.0
kirvy810,1001.0
kis03160,1002.0
kisrin4319,1003.0
kiwon0502,1004.0
kjj9987,1005.0
kjmin622,1006.0
kjw13,1007.0
kjw2448,1008.0
kjyoa0009,1009.0
kkccmm1202,1010.0
kkg0510,1011.0
kkkkkkkkfkfk,1012.0
kkm1447,1013.0
kks3793,1014.0
kkt219a,1015.0
kkupalro,1016.0
kky0426,1017.0
klm1118,1018.0
kmheaster,1019.0
kmk130519,1020.0
kmsk99,1021.0
kmsmsms0514,1022.0
kn1996,1023.0
kneko,1024.0
kny031016,1025.0
koalakid,1026.0
kobeomseok95,1027.0
koki0824,1028.0
koko9141,1029.0
kokoro_pyon_pyon,1030.0
komj,1031.0
kongeuniii,1032.0
koqj123,1033.0
koreatlwls,1034.0
korxn2489,1035.0
krong6930,1036.0
kronos,1037.0
krst50,1038.0
ks96ks,1039.0
ksci195,1040.0
ksd5653,1041.0
ksgg1,1042.0
kshy9598,1043.0
kskim,1044.0
ksoosung77,1045.0
ksq111,1046.0
kssrcn,1047.0
ksw1220,1048.0
kswamen,1049.0
kth1561,1050.0
ktjooho,1051.0
kty050121,1052.0
ktykty0722,1053.0
kublaihkan,1054.0
kuper0201,1055.0
kuro11pow2,1056.0
kwb6675,1057.0
kwhy2345,1058.0
kwon5891,1059.0
kwon6460,1060.0
kwonarseus,1061.0
kyaryunha,1062.0
kyh298494,1063.0
kyh7518,1064.0
kyi4210,1065.0
kyj93790,1066.0
kykapple,1067.0
kyl123451,1068.0
kyo289,1069.0
kyskkm2537,1070.0
kyun1016,1071.0
kyun2da,1072.0
kyw6541,1073.0
kywoo26,1074.0
l0z1k,1075.0
l2x3ge,1076.0
l_hyun,1077.0
lalalalz,1078.0
latter2005,1079.0
layer6ai,1080.0
lcdoac12,1081.0
lch9502,1082.0
le_effort,1083.0
lee2003121,1084.0
lee_seulbi,1085.0
leecjs00,1086.0
leedh2004,1087.0
leegh963,1088.0
leejonghun,1089.0
leeju1013,1090.0
leek018,1091.0
leese5bj,1092.0
lekonell,1093.0
leleluv1122,1094.0
lemidia,1095.0
lewns2,1096.0
lhch2004,1097.0
lickelon,1098.0
lifespank,1099.0
liging,1100.0
limequeen,1101.0
limjh2255,1102.0
limsigmalover,1103.0
lja9702,1104.0
ljoghe,1105.0
ljs0531love,1106.0
ljw8541,1107.0
ljwljw8541,1108.0
ljy4201,1109.0
lkh3157,1110.0
lkyeon328,1111.0
llllilll,1112.0
llsg822,1113.0
lmklove0,1114.0
lms0806,1115.0
lobby0517,1116.0
loes353,1117.0
logeon0725,1118.0
loginto,1119.0
lomotos10,1120.0
lordly,1121.0
lovely5572,1122.0
lovemimo,1123.0
lovenody,1124.0
loy15091,1125.0
lsdtve,1126.0
lsh1005,1127.0
lshhi5,1128.0
lshoon1128,1129.0
lsj1137,1130.0
lss5555,1131.0
lsvk9921,1132.0
lucas0730,1133.0
lucian0910,1134.0
luckydyu,1135.0
luckystay,1136.0
luiz4our,1137.0
luke1046,1138.0
luok377,1139.0
lustra,1140.0
luvlee21,1141.0
lvalue,1142.0
lws_kahn,1143.0
lycoris1600,1144.0
lyj4032,1145.0
lyj9975,1146.0
lymchgmk,1147.0
lys312510,1148.0
lys7aves,1149.0
lys9546,1150.0
m2162003,1151.0
magatonman,1152.0
magenta,1153.0
maiego,1154.0
main_dbstn,1155.0
makusta,1156.0
mandos95,1157.0
mangchhe,1158.0
manhwag,1159.0
mapbox,1160.0
marco2520332,1161.0
mardi2230,1162.0
marona,1163.0
marshmelloooooooooow,1164.0
mastojun,1165.0
math0917,1166.0
mayshin10,1167.0
maytryark,1168.0
mdb1217,1169.0
mduddns,1170.0
me081004,1171.0
meantint,1172.0
megaton920,1173.0
mekind,1174.0
melon1124,1175.0
melontart,1176.0
meme2367,1177.0
mementohora,1178.0
mendou12,1179.0
menstoo95,1180.0
mettew0585,1181.0
mevol,1182.0
mh97888,1183.0
mhi0118,1184.0
miki308,1185.0
mindong7046,1186.0
minhookang,1187.0
mini0shark,1188.0
minjae705,1189.0
minjoonist,1190.0
minjun,1191.0
minjun623,1192.0
minjungw00,1193.0
minkue777,1194.0
mins0214,1195.0
minstar,1196.0
minwoo9629,1197.0
minyo0119,1198.0
miso97o,1199.0
mitslll,1200.0
mj2park,1201.0
mjh2903,1202.0
mjj,1203.0
mjk3735,1204.0
mksu234,1205.0
mmcode,1206.0
mmiimin,1207.0
mnhan0403,1208.0
mogu5723,1209.0
mojing1597,1210.0
mokalover,1211.0
mook0227,1212.0
moonlit,1213.0
moonsoo5522,1214.0
most323,1215.0
mrbartrns,1216.0
mrj0115,1217.0
mrseos,1218.0
msg016,1219.0
msgee,1220.0
mshlsh,1221.0
msk7529,1222.0
msmn1729,1223.0
mstone8370,1224.0
my3,1225.0
myboss7,1226.0
mycool0905,1227.0
myju742,1228.0
naa821,1229.0
naangel0515,1230.0
naannaan,1231.0
nailbrainz,1232.0
nain95,1233.0
nam2934,1234.0
namboo1994,1235.0
namer12,1236.0
namicad,1237.0
nan308,1238.0
nanasin,1239.0
nang1023,1240.0
nant0313,1241.0
nanta0112,1242.0
navinad,1243.0
nbalance,1244.0
nbh1224,1245.0
ncs01060,1246.0
ndb796,1247.0
neguri0235,1248.0
neneg273,1249.0
newhyunkun,1250.0
newsanghoon,1251.0
newsweetrain822,1252.0
nfysh73,1253.0
ngchaneok,1254.0
ngeol564,1255.0
nhg1113,1256.0
niceb5y,1257.0
niji_k,1258.0
nikeinmyheart,1259.0
nis9857,1260.0
njh0317,1261.0
njh215,1262.0
njh21598,1263.0
nkim40181,1264.0
nmp9981,1265.0
nmrhtn7898,1266.0
nnalove,1267.0
noble5712,1268.0
nodays,1269.0
nohwiin,1270.0
nona1314,1271.0
nonassembly,1272.0
nonobbbnobnon,1273.0
normit,1274.0
noru0114,1275.0
npclinic3,1276.0
nsa32752,1277.0
nsg,1278.0
nsj6646,1279.0
nsun9505,1280.0
nuri2169,1281.0
nw4611,1282.0
o3oppp,1283.0
object1997,1284.0
oblige,1285.0
occidere,1286.0
ogh3568,1287.0
oh20020409,1288.0
oh980225,1289.0
ohsang98,1290.0
ohtuna,1291.0
ohwi,1292.0
ohyeons,1293.0
okcho9807,1294.0
okkimkm,1295.0
okmy729,1296.0
oko_ha,1297.0
okt1995,1298.0
omjin7n,1299.0
one10004,1300.0
onooff,1301.0
onsemiro,1302.0
onsoim,1303.0
oo1463,1304.0
ooiidd,1305.0
oolop,1306.0
operaghost,1307.0
orangewhitefox,1308.0
orb_h,1309.0
original131,1310.0
oso0310,1311.0
osw,1312.0
outersky,1313.0
overwatcher123,1314.0
owell,1315.0
ozt88,1316.0
paaapaaa,1317.0
paki1019,1318.0
palear39,1319.0
panda8,1320.0
pangshe10,1321.0
pani,1322.0
parameter,1323.0
park03851,1324.0
park10882,1325.0
parksangji,1326.0
parksh5061,1327.0
pathfinder,1328.0
pbh0403,1329.0
pcrmcw0486,1330.0
pdj9696,1331.0
pearan,1332.0
perseids,1333.0
pf7,1334.0
pghufs2015,1335.0
phcdream,1336.0
phpmysql,1337.0
pi1199,1338.0
pia2011,1339.0
piano9637,1340.0
pianory123,1341.0
pizzaroot,1342.0
pjh332,1343.0
pjh612,1344.0
pjh96,1345.0
pjk3015,1346.0
pjkov0824,1347.0
pkc1088,1348.0
pkc4913,1349.0
pkcchoi3,1350.0
pkchae97,1351.0
pkiop,1352.0
pks2131,1353.0
play55,1354.0
plm2435,1355.0
pmn0001,1356.0
pmqa,1357.0
poer123,1358.0
pofer95,1359.0
poiu694,1360.0
pok_winter,1361.0
pomecloud,1362.0
ponyong,1363.0
poohbilly2,1364.0
popoli31,1365.0
popopy0412,1366.0
pos1070,1367.0
potatomonkey,1368.0
potion,1369.0
powerkim417,1370.0
powerseunghun,1371.0
powerwonjun,1372.0
ppp123,1373.0
ppqhdl2,1374.0
practice1,1375.0
prefer2,1376.0
presentsong,1377.0
presls819,1378.0
prisem,1379.0
prkg7341,1380.0
profornnan,1381.0
progresivojs,1382.0
proqk,1383.0
protalk,1384.0
protoseo,1385.0
prw5399,1386.0
psbnq,1387.0
pseudope,1388.0
psh6464,1389.0
psh6585,1390.0
psm7335,1391.0
pss407,1392.0
psw5274,1393.0
pty4437,1394.0
pulchra13,1395.0
purpose,1396.0
pyb1031,1397.0
pyk93,1398.0
pyoun6599,1399.0
pyoun820,1400.0
pypi1103,1401.0
python4,1402.0
q9922000,1403.0
qaqa313a,1404.0
qazesc2h,1405.0
qazyj,1406.0
qgqg264,1407.0
qhtjd844,1408.0
qjatjr29,1409.0
qjatn1009,1410.0
qjrmsktso2,1411.0
qkdwlghks00,1412.0
qkfskan82,1413.0
qkralsdk39,1414.0
qkrclrl701,1415.0
qkrdnjsrl,1416.0
qkrehddus01,1417.0
qkrlwsnd,1418.0
qkrwnghd96,1419.0
qkrwnstns52,1420.0
qkrwognl1703,1421.0
qkskskn,1422.0
qkswo,1423.0
qndnd1,1424.0
qoalstjr,1425.0
qocn9029,1426.0
qodydgk8624,1427.0
qorwnseop3,1428.0
qotmd01,1429.0
qse1346,1430.0
quack337,1431.0
quantum,1432.0
qudgus21,1433.0
qwe11,1434.0
qwe2535,1435.0
qwerty08,1436.0
qwerty7525,1437.0
qye5856,1438.0
r4bb1t,1439.0
rabbitmjh,1440.0
rain7i,1441.0
rangsuk,1442.0
rave189,1443.0
raydrakal,1444.0
rbdud96,1445.0
rbud613,1446.0
reach1994,1447.0
readyq,1448.0
recursive,1449.0
ree5745,1450.0
reenact,1451.0
rekalux,1452.0
renkousami,1453.0
repelit,1454.0
rha6780,1455.0
rhacnddl,1456.0
rhqnrdl625,1457.0
ric5,1458.0
richiejang,1459.0
rivel0119,1460.0
riverboy94,1461.0
riverlike14,1462.0
rjf1138,1463.0
rjs38,1464.0
rjsah5676,1465.0
rkdgh98,1466.0
rkdtkdtn0706,1467.0
rkdud0925,1468.0
rkdus1177,1469.0
rlaalswo9,1470.0
rladpcks7,1471.0
rladudwls500,1472.0
rlaqhdns,1473.0
rlarla97,1474.0
rlarlejr282,1475.0
rlarlghks970113,1476.0
rlatpwlsdlek,1477.0
rlawjddn4706,1478.0
rlawnddnjs12,1479.0
rlawngus0910,1480.0
rlfdldjaak22,1481.0
rlfgud91,1482.0
rltn2121,1483.0
rlwjd4177,1484.0
rmk1075,1485.0
rmsqor4,1486.0
rnjsrnrdnjs,1487.0
rnjstpgns92,1488.0
roal4611,1489.0
robin00q,1490.0
roeniss,1491.0
rohsikdak,1492.0
rokkyw,1493.0
rollony,1494.0
rollrat,1495.0
ron0314,1496.0
rookied1002,1497.0
roonm813,1498.0
rorhcdream,1499.0
rottoy,1500.0
roy752,1501.0
rptrpt,1502.0
rs30810,1503.0
rso1129,1504.0
ruddks1001,1505.0
rudgh9242,1506.0
rueng564,1507.0
rumble99,1508.0
rycbar2592,1509.0
ryuis,1510.0
ryun007,1511.0
s4055,1512.0
s48011,1513.0
sabsari5,1514.0
sagit25,1515.0
saksak1527,1516.0
samgkgkgk,1517.0
samsohn0128,1518.0
samuel95,1519.0
san9580,1520.0
san9640,1521.0
sandlekang,1522.0
sane2710,1523.0
sangchu8864,1524.0
sarna,1525.0
sasca37,1526.0
sb123s,1527.0
sb3991,1528.0
sc3289,1529.0
scalalang,1530.0
scalefreeus,1531.0
scared22,1532.0
scsdavid,1533.0
sd12339,1534.0
sdk926,1535.0
sdy1437,1536.0
se1620236,1537.0
seaworld0125,1538.0
second2820,1539.0
sehwan1023,1540.0
selfm,1541.0
seoin0110,1542.0
seok9211,1543.0
seokjin0706,1544.0
seokjw96,1545.0
seokminchang21,1546.0
seokzin,1547.0
seolminsik,1548.0
seong505,1549.0
seongbeen93,1550.0
seonjong,1551.0
seoyoniee22,1552.0
seung7642,1553.0
seunggi010,1554.0
seungho_lee,1555.0
seungseob915,1556.0
sgchoi5,1557.0
sh5444,1558.0
sharhp21,1559.0
sharosoo,1560.0
shb115,1561.0
shchang,1562.0
sheenjiwon,1563.0
shieldnet,1564.0
shikshik99,1565.0
shin421179,1566.0
shinbian11,1567.0
shinerbot,1568.0
shining8543,1569.0
shipinwater,1570.0
shjj09,1571.0
shkim050202,1572.0
shtmdqja43,1573.0
sickpickel,1574.0
silas,1575.0
silberis,1576.0
sillsill777,1577.0
silverlic,1578.0
simba155,1579.0
simm4256,1580.0
simpleisthebest,1581.0
sinsung6722,1582.0
siontama,1583.0
sis04013,1584.0
siwoo,1585.0
siwoo10804_a,1586.0
sjaks1546,1587.0
sjy366,1588.0
sjy9484,1589.0
skaduddn,1590.0
skarmr21x,1591.0
skatn3,1592.0
skcom,1593.0
skd6150,1594.0
skdisk3895,1595.0
skdltm117,1596.0
skqk126,1597.0
skrek269,1598.0
sksbbb,1599.0
skxz123,1600.0
skydevilk,1601.0
skyepodium,1602.0
skyhp,1603.0
skyworking,1604.0
skyyy6,1605.0
sm123tt,1606.0
smartwj,1607.0
smjage522,1608.0
smk5647,1609.0
smk6221,1610.0
smu04129,1611.0
smucs13,1612.0
snailgod86,1613.0
sneakstarberry,1614.0
snmhz325,1615.0
sobu0715,1616.0
soda5406,1617.0
sofod12,1618.0
sohj94,1619.0
sohn0356,1620.0
sohnjunior,1621.0
sohu0121,1622.0
sojindh,1623.0
solicat3380,1624.0
solorsystem1,1625.0
solsam10,1626.0
somin05314,1627.0
sonbe8704,1628.0
song98987,1629.0
songfox00,1630.0
songjc411,1631.0
songjuh,1632.0
sonk55,1633.0
sonofgod1362,1634.0
soo0103,1635.0
soonyubi,1636.0
sorajjy,1637.0
sorjfkrh5078,1638.0
sos0911,1639.0
sossont,1640.0
sounhs2000,1641.0
soy4742,1642.0
soyuz67,1643.0
speedroid,1644.0
spider0324,1645.0
spring2,1646.0
sr5757,1647.0
srlee96,1648.0
ssjhkim76,1649.0
sskimin4,1650.0
ssnn2145,1651.0
ssongkr,1652.0
ssoo2024,1653.0
ssparta,1654.0
ssr0920,1655.0
ssyth19,1656.0
standingbell,1657.0
staphaniek,1658.0
star0202_dev,1659.0
starhot12,1660.0
stella161,1661.0
steve7867,1662.0
stlee,1663.0
stppp,1664.0
studioh,1665.0
subeloper,1666.0
suddenly,1667.0
suee2125,1668.0
suho2718,1669.0
sujeng97,1670.0
sukkie95,1671.0
sum_mit45,1672.0
sumini0715,1673.0
sumzi,1674.0
sun6782,1675.0
sun950903,1676.0
sunjoo9912,1677.0
sunkyuj,1678.0
sunsal0704,1679.0
supernova1997,1680.0
supreme5876,1681.0
sus1226,1682.0
suskin25,1683.0
swcert03,1684.0
sweetwave97,1685.0
swhan9211,1686.0
swimming,1687.0
swj0324,1688.0
swjwpower,1689.0
swsda95,1690.0
sy1207,1691.0
sy46,1692.0
sy77,1693.0
syghkd,1694.0
sylim123,1695.0
syndrome5044,1696.0
syphon,1697.0
taesung320,1698.0
tang1993,1699.0
taseaja23,1700.0
taxijjang,1701.0
tbn23,1702.0
tdm1223,1703.0
te0461,1704.0
te06008,1705.0
tearsmore,1706.0
teet4r,1707.0
templer151,1708.0
tempo001,1709.0
ten_ability,1710.0
terajoohyun,1711.0
terec,1712.0
testing,1713.0
thallus,1714.0
thdalsgur804,1715.0
thdalsrl10,1716.0
thddudgns79,1717.0
thdruddyd21,1718.0
thdwodnjs,1719.0
theft,1720.0
themion,1721.0
theplatypus,1722.0
thered,1723.0
thereon42,1724.0
theverytak,1725.0
thoon916,1726.0
thoughtman2,1727.0
thproject,1728.0
thrdud0423,1729.0
thsgustlr0318,1730.0
thumb8432,1731.0
thxios457,1732.0
timbergrizz,1733.0
timin123,1734.0
tipsyboy,1735.0
tiro25,1736.0
tjdans6342,1737.0
tjdgh4540,1738.0
tjdgur23,1739.0
tjdgus3537,1740.0
tjdqo0788,1741.0
tjfvmfdydid_java,1742.0
tjrcjf410,1743.0
tjrdnjs99,1744.0
tjsrb7575,1745.0
tjswlsdl135,1746.0
tjwjdgks43,1747.0
tjy2202,1748.0
tkaltk321,1749.0
tkddms150,1750.0
tkddufdl77,1751.0
tkdgur3207,1752.0
tkdgus0782,1753.0
tkstka0023,1754.0
tkwpvk789,1755.0
tlfla01,1756.0
tlsdorye,1757.0
tmdals6718,1758.0
tmdghks9574,1759.0
tnqkr98,1760.0
todayyy,1761.0
todory2002,1762.0
tolelom,1763.0
tomas3630,1764.0
tommy1610,1765.0
tomy9729,1766.0
tony0413,1767.0
topgun0209,1768.0
tori1753,1769.0
tpgml123,1770.0
tpwls8528,1771.0
traveller12,1772.0
trololo,1773.0
true8bit,1774.0
truthseeker,1775.0
tsh0003,1776.0
typhoon,1777.0
uh04049,1778.0
uhi1117,1779.0
ujtel1234,1780.0
ujunhwan,1781.0
umrhiumrhi,1782.0
undefined_y,1783.0
unixcpu,1784.0
updown2011,1785.0
uptoss12,1786.0
usagiyama,1787.0
usefulhyun,1788.0
usj0119,1789.0
uyoi123,1790.0
uyt8989,1791.0
vage,1792.0
vaite714,1793.0
vancomycin,1794.0
veckal,1795.0
vect_r,1796.0
vecum0814,1797.0
veev13,1798.0
vel1024,1799.0
veydpz,1800.0
vhal1309,1801.0
vhxpffltm,1802.0
vice_versa,1803.0
vince0419,1804.0
vincentlim1,1805.0
viodle238,1806.0
vionicbest,1807.0
vitriol95,1808.0
vix849,1809.0
vmffotltka,1810.0
vnddnjs00,1811.0
vng598,1812.0
volada,1813.0
vrzin,1814.0
vvprac,1815.0
walker123,1816.0
wan2good,1817.0
wandukong,1818.0
waninoko,1819.0
wans038,1820.0
waroad,1821.0
wclee2265,1822.0
wd78wg,1823.0
weplaygame,1824.0
wferel,1825.0
whatisyourname,1826.0
whd9612,1827.0
whdauddbs,1828.0
whddnr0218,1829.0
whdgml1996,1830.0
whdies816,1831.0
whdnddh,1832.0
whdtls3878,1833.0
whghdud17,1834.0
whiteun,1835.0
whqtkf12,1836.0
whworjs7946,1837.0
widn45,1838.0
wildvine09,1839.0
wilgur513,1840.0
william9906,1841.0
windowdong11,1842.0
windseed71,1843.0
winterlood,1844.0
wistlin47,1845.0
withham1,1846.0
wj100213,1847.0
wjawksl,1848.0
wjd2632,1849.0
wjddms206,1850.0
wjdeh515,1851.0
wjdgur9534,1852.0
wjdgus112,1853.0
wjdqlsdlsp,1854.0
wjdtj9656,1855.0
wjdtmddnr24,1856.0
wjdtn7823,1857.0
wjh51333,1858.0
wjsdjqqpxj,1859.0
wjsghdejr12,1860.0
wkqk66,1861.0
wldbs2043,1862.0
wldls31,1863.0
wldudwn77,1864.0
wlqals1,1865.0
wlsdhr0831,1866.0
wlsdndml213,1867.0
wlsgur0717,1868.0
wlshddlek,1869.0
wlsxkr77,1870.0
wltjr0920,1871.0
wltks98,1872.0
wndyd9557,1873.0
wnsgus821,1874.0
wnsrl4067,1875.0
wnstjd4778,1876.0
wnwngudwns,1877.0
wodhks1105,1878.0
wodnjs471,1879.0
wogh6475,1880.0
wogns0108,1881.0
won001214,1882.0
wonij0,1883.0
wonsgong,1884.0
wonth93,1885.0
wontpy20,1886.0
woo2771685,1887.0
woojw911,1888.0
wooky9633,1889.0
woongs,1890.0
woongseob12,1891.0
wooserk,1892.0
wooyoo,1893.0
worldi77,1894.0
worldismine,1895.0
wown252,1896.0
wowns1856,1897.0
wpghks7,1898.0
wpql2057,1899.0
wts1597,1900.0
wuppu13579,1901.0
x75201,1902.0
xfile6912,1903.0
xhdwhfla56,1904.0
xiufszh,1905.0
xloolx03,1906.0
xofyd99,1907.0
xogh20321,1908.0
xorms86,1909.0
xortm854,1910.0
xownd6235,1911.0
xpsxm468,1912.0
xptmxmtest,1913.0
xuzhunhe,1914.0
y123on,1915.0
y1j2sung,1916.0
y2h000123,1917.0
y_w2700,1918.0
yaho166442,1919.0
yang6676,1920.0
yangys2003,1921.0
ybin108,1922.0
ybs1164,1923.0
ychh11232,1924.0
ye1111k,1925.0
yek7334,1926.0
yellow2041,1927.0
yeolyi,1928.0
yeongjujeong1021,1929.0
yeongkyo1997,1930.0
yeonji,1931.0
yepp0112,1932.0
yerimkjh,1933.0
yermeong,1934.0
yeveyn,1935.0
yeyeah1,1936.0
ygh0410,1937.0
yh1483,1938.0
yhj010597,1939.0
yhkim8917,1940.0
yhs03043,1941.0
yhsooi,1942.0
yimjunhyuck,1943.0
yiyj1030,1944.0
yjh256,1945.0
yjm6560,1946.0
yjsmk0902,1947.0
ykdy3951,1948.0
yms21888,1949.0
yn7834,1950.0
yomyom0824,1951.0
yong6768,1952.0
yoodori5,1953.0
yooh3574,1954.0
yoongh97,1955.0
yoonjong1820,1956.0
yooso020599,1957.0
youngboss,1958.0
yoyoyo5639,1959.0
ys1028j,1960.0
ys200209,1961.0
yslim6168,1962.0
yssy3135,1963.0
ysyoung1011,1964.0
ytw0728,1965.0
yubincho3,1966.0
yuda1124,1967.0
yuhanbae06,1968.0
yujn413,1969.0
yujong_lee,1970.0
yujun93,1971.0
yunjaena,1972.0
yunyshs01,1973.0
yunyul91,1974.0
ywoo093,1975.0
ywywyw,1976.0
yyjin1217,1977.0
yyoouunngg,1978.0
zakelstorm,1979.0
zas777,1980.0
zbqmgldjfh,1981.0
zcae102,1982.0
zebulun86,1983.0
zeikar,1984.0
zerovector,1985.0
zilliver,1986.0
zizon5941,1987.0
zkfzpf56,1988.0
zkvnf23,1989.0
zookeeper_464,1990.0
zookhee,1991.0
zoomspeed,1992.0
zow777,1993.0
zox2323,1994.0
zozond,1995.0
zpdlswmf12,1996.0
zvxc222,1997.0
zxc5430,1998.0
zzangu0816,1999.0
